[{"__type__":"cc.SpriteFrame","content":{"name":"img_5","texture":"e1KgzUMjRKoanJ14AYkUQ3","rect":[80,78,32,26],"offset":[0,1],"originalSize":[32,32],"capInsets":[0,0,0,0]}},{"__type__":"cc.SpriteFrame","content":{"name":"icon_try","texture":"769bRb4zhJpIS79uzr/I1M","rect":[0,0,40,40],"offset":[0,0],"originalSize":[40,40],"capInsets":[0,0,0,0]}},{"__type__":"cc.SpriteFrame","content":{"name":"@2xicon_try","texture":"e1KgzUMjRKoanJ14AYkUQ3","rect":[80,2,40,40],"offset":[0,0],"originalSize":[40,40],"capInsets":[0,0,0,0]}},{"__type__":"cc.SpriteFrame","content":{"name":"img_2","texture":"e1KgzUMjRKoanJ14AYkUQ3","rect":[80,158,18,18],"offset":[-1,1],"originalSize":[32,32],"capInsets":[0,0,0,0]}},{"__type__":"cc.SpriteFrame","content":{"name":"img_1","texture":"e1KgzUMjRKoanJ14AYkUQ3","rect":[80,126,30,30],"offset":[0,-1],"originalSize":[32,32],"capInsets":[0,0,0,0]}},[{"__type__":"cc.SceneAsset","_name":"SoulPlanet","scene":{"__id__":1},"asyncLoadAssets":null},{"__type__":"cc.Scene","_name":"New Node","_children":[{"__id__":2}],"_anchorPoint":{"__type__":"cc.Vec2"},"_scale":{"__type__":"cc.Vec3","x":0.7281871265634142,"y":0.7281871265634142,"z":0.7281871265634142},"autoReleaseAssets":false},{"__type__":"cc.Node","_name":"Canvas","_parent":{"__id__":1},"_children":[{"__id__":3},{"__id__":4}],"_level":1,"_components":[{"__type__":"cc.Canvas","node":{"__id__":2}},{"__type__":"97f22e5d9FEQqAmAKsH/0ty","node":{"__id__":2},"sprAtlas":{"__uuid__":"8eiknT0v1N+JkACVsogB6V"},"tipNode":{"__id__":4}}],"_contentSize":{"__type__":"cc.Size","width":960,"height":640},"_position":{"__type__":"cc.Vec3","x":480,"y":320},"_scale":{"__type__":"cc.Vec3","x":1,"y":1,"z":1},"_id":"6fZ47YxGpBaqYTEmr4DGhE"},{"__type__":"cc.Node","_name":"Main Camera","_parent":{"__id__":2},"_level":2,"_components":[{"__type__":"cc.Camera","node":{"__id__":3},"_clearFlags":7,"_depth":-1}],"_scale":{"__type__":"cc.Vec3","x":1,"y":1,"z":1}},{"__type__":"cc.Node","_name":"popup_exposure","_parent":{"__id__":2},"_children":[{"__id__":5},{"__id__":6}],"_level":2,"_components":[{"__type__":"cc.Sprite","node":{"__id__":4},"_spriteFrame":{"__uuid__":"d7ufnSrmdKrK1rtDaj4Q/l"}}],"_contentSize":{"__type__":"cc.Size","width":368,"height":75},"_position":{"__type__":"cc.Vec3","x":-21,"y":-38},"_scale":{"__type__":"cc.Vec3","x":1,"y":1,"z":1}},{"__type__":"cc.Node","_name":"label","_parent":{"__id__":4},"_level":3,"_components":[{"__type__":"cc.Label","node":{"__id__":5},"_srcBlendFactor":1,"_useOriginalSize":false,"_string":"TA使用了星球曝光，去试试","_N$string":"TA使用了星球曝光，去试试","_fontSize":20,"_N$horizontalAlign":1,"_N$verticalAlign":1}],"_contentSize":{"__type__":"cc.Size","width":244.07,"height":40},"_position":{"__type__":"cc.Vec3","x":-21,"y":6},"_scale":{"__type__":"cc.Vec3","x":1,"y":1,"z":1}},{"__type__":"cc.Node","_name":"icon_try","_parent":{"__id__":4},"_level":3,"_components":[{"__type__":"cc.Sprite","node":{"__id__":6},"_spriteFrame":{"__uuid__":"336tD2ZgNKub8hECCaVNcb"}}],"_contentSize":{"__type__":"cc.Size","width":40,"height":40},"_position":{"__type__":"cc.Vec3","x":146,"y":6},"_scale":{"__type__":"cc.Vec3","x":1,"y":1,"z":1}}],{"__type__":"cc.SpriteFrame","content":{"name":"@2xpopup_exposure","texture":"e1KgzUMjRKoanJ14AYkUQ3","rect":[2,2,368,76],"offset":[0,0],"originalSize":[368,76],"rotated":1,"capInsets":[0,0,0,0]}},{"__type__":"cc.SpriteAtlas","_name":"planet.plist","_spriteFrames":{"@2xicon_try":{"__uuid__":"6bC9ylNj5DPozD2klFwEQW"},"@2xpopup_exposure":{"__uuid__":"8cJ8n0kNdKS65JxMAEJ1cs"},"img_0":{"__uuid__":"e9xUi2JT1H3LipMu9FhnvJ"},"img_1":{"__uuid__":"7ejj2hfxNNSbL2NXuIKI3i"},"img_2":{"__uuid__":"7cgRs62nlIsr7sRfv6AXUd"},"img_3":{"__uuid__":"e2Xt96u0NF+JvnP7DQJKHG"},"img_4":{"__uuid__":"92dm8Y09RN9pCbwv4XHeu4"},"img_5":{"__uuid__":"25m79nryBKy6xl+m5BULfJ"}}},{"__type__":"cc.SpriteFrame","content":{"name":"img_4","texture":"e1KgzUMjRKoanJ14AYkUQ3","rect":[80,44,32,32],"offset":[0,0],"originalSize":[32,32],"capInsets":[0,0,0,0]}},{"__type__":"cc.SpriteFrame","content":{"name":"popup_exposure","texture":"6dgROfjFNNf4vkhPkqxJqF","rect":[0,0,368,75],"offset":[0,0.5],"originalSize":[368,76],"capInsets":[0,0,0,0]}},{"__type__":"cc.SpriteFrame","content":{"name":"img_3","texture":"e1KgzUMjRKoanJ14AYkUQ3","rect":[112,126,14,14],"offset":[-1,1],"originalSize":[32,32],"capInsets":[0,0,0,0]}},{"__type__":"cc.SpriteFrame","content":{"name":"img_0","texture":"e1KgzUMjRKoanJ14AYkUQ3","rect":[80,106,32,18],"offset":[0,0],"originalSize":[32,32],"capInsets":[0,0,0,0]}}]